<?xml version="1.0" encoding="UTF-8" standalone="yes"?><ns2:Search xmlns:ns2="http://www.navteq.com/lbsp/Search-Search/4"><Response><MetaInfo><Timestamp>2018-12-08T03:40:45.741Z</Timestamp></MetaInfo><View xmlns:xsi="http://www.w3.org/2001/XMLSchema-instance" xsi:type="ns2:SearchResultsViewType"><ViewId>0</ViewId><Result><Relevance>1.0</Relevance><MatchLevel>houseNumber</MatchLevel><MatchQuality><Country>1.0</Country><City>1.0</City><District>1.0</District><Street>1.0</Street><HouseNumber>1.0</HouseNumber></MatchQuality><MatchType>pointAddress</MatchType><Location><LocationId>NT_iJT1KzAWnVVkvl0FNL-LaA_1QD</LocationId><LocationType>point</LocationType><DisplayPosition><Latitude>-26.25606</Latitude><Longitude>28.05138</Longitude></DisplayPosition><NavigationPosition><Latitude>-26.25606</Latitude><Longitude>28.05115</Longitude></NavigationPosition><MapView><TopLeft><Latitude>-26.2549358</Latitude><Longitude>28.0501265</Longitude></TopLeft><BottomRight><Latitude>-26.2571842</Latitude><Longitude>28.0526335</Longitude></BottomRight></MapView><Address><Label>54 Main St, Johannesburg, 2190, South Africa</Label><Country>ZAF</Country><State>Gauteng</State><County>Johannesburg</County><City>Johannesburg</City><District>Rosettenville</District><Street>Main St</Street><HouseNumber>54</HouseNumber><PostalCode>2190</PostalCode><AdditionalData key="CountryName">South Africa</AdditionalData><AdditionalData key="StateName">Gauteng</AdditionalData><AdditionalData key="CountyName">Johannesburg</AdditionalData></Address></Location></Result></View></Response></ns2:Search>